{"cameraMode":{"drawMode":0,"name":"Shaded","section":"Shading Mode"},"sceneLighting":true,"audioPlay":false,"sceneViewState":{"m_AlwaysRefresh":false,"showFog":true,"showSkybox":true,"showFlares":true,"showImageEffects":true,"showParticleSystems":true,"showVisualEffectGraphs":true,"m_FxEnabled":true},"in2DMode":false,"pivot":{"x":5.853092670440674,"y":24.185897827148439,"z":-138.40492248535157},"rotation":{"x":0.011480969376862049,"y":0.36065343022346499,"z":-0.00444019166752696,"w":0.9326252341270447},"size":0.8660253882408142,"orthographic":false}