{
    "data": "HELLO WORLD",
    "funnyNumber": 1337,
    "floaty": 42.41999816894531,
    "position": {
        "x": -4.349999904632568,
        "y": 2.130000114440918,
        "z": 0.0
    }
}